{
  "contatos": [
    {
      "id": 1,
      "nome": "Júlio Cézar",
      "telefone": "31999999999",
      "email": "julioczrdos@gmail.com",
      "empresa": "Empresa jDex"
    },
    {
      "id": 2,
      "nome": "João Francisco",
      "telefone": "31999999999",
      "email": "joaof@gmai.com",
      "empresa": "Empresa JF "
    },
    {
      "id": 3,
      "nome": "Tomas Kfoury",
      "telefone": "31999999999",
      "email": "tomask@gmail.com",
      "empresa": "Empresa TK"
    },
    {
      "id": 4,
      "nome": "Italo Rocha",
      "telefone": "31999999999",
      "email": "italorocha@gmail.com",
      "empresa": "Empresa Afonso"
    },
    {
      "id": 5,
      "nome": "Teste Contato",
      "telefone": "31999999999",
      "email": "testec@gmail.com",
      "empresa": "Teste Empresa"
    }
  ]
}